"TABLE 6. Published Tuition and Fees in Current Dollars and in 2017 Dollars, 2007-08 to 2017-18 and Full-Time Fall Undergraduate Enrollment, 2007 to 2015 at Flagship Universities",,,,,,,,,,,,,,,,,,,,,,,,,,,,,,,,,,,,
,,In-State Tuition and Fees,,,,,,,,,,,Percentage Change,,Out-of-State Tuition and Fees,,,,,,,,,,,Percentage Change,,Full-Time Fall Enrollment,,,,,,,,
In 2017 Dollars,STATE,2007-08,2008-09,2009-10,2010-11,2011-12,2012-13,2013-14,2014-15,2015-16,2016-17,2017-18,1-Year,5-Year,2007-08,2008-09,2009-10,2010-11,2011-12,2012-13,2013-14,2014-15,2015-16,2016-17,2017-18,1-Year,5-Year,2007,2008,2009,2010,2011,2012,2013,2014,2015
University of Alaska Fairbanks,AK,"$5,284","$5,373","$5,835","$5,969","$6,035","$6,302","$6,275","$6,352","$6,979","$7,308","$7,518",3%,19%,"$15,825","$15,856","$17,091","$17,859","$18,647","$19,604","$19,856","$20,037","$21,318","$22,230","$22,908",3%,17%,"3,183","3,292","3,477","3,626","3,692","3,609","3,556","3,385","3,310"
University of Alabama,AL,"$6,698","$7,122","$7,957","$8,870","$9,318","$9,830","$9,903","$10,096","$10,431","$10,650","$10,780",1%,10%,"$19,411","$20,031","$21,824","$23,018","$23,729","$24,521","$25,097","$25,634","$26,617","$27,414","$28,100",3%,15%,"19,238","20,397","21,552","22,587","23,592","25,109","26,247","27,331","28,447"
University of Arkansas,AR,"$7,096","$7,122","$7,342","$7,599","$7,773","$8,070","$8,193","$8,435","$8,741","$8,972","$9,062",1%,12%,"$17,031","$17,002","$17,556","$17,965","$19,076","$19,696","$19,989","$20,859","$22,387","$23,566","$24,308",3%,23%,"12,488","12,967","13,534","14,785","16,477","17,687","18,455","19,029","19,426"
University of Arizona,AZ,"$5,919","$6,155","$7,792","$9,249","$10,075","$10,722","$10,889","$11,258","$11,696","$11,971","$11,877",-1%,11%,"$19,121","$20,771","$25,657","$27,618","$27,639","$28,026","$28,370","$30,228","$33,438","$36,636","$35,307",-4%,26%,"25,076","25,807","27,094","26,797","27,234","28,063","28,723","29,342","29,652"
University of California: Berkeley,CA,"$8,419","$8,520","$11,082","$12,284","$13,907","$13,755","$13,480","$13,328","$13,776","$13,717","$13,928",2%,1%,"$31,476","$31,453","$36,849","$37,972","$38,695","$38,199","$37,454","$36,833","$39,119","$40,858","$41,942",3%,10%,"23,863","24,385","24,796","24,929","25,138","25,026","25,044","26,320","26,622"
University of Colorado at Boulder,CO,"$7,797","$8,099","$9,016","$9,556","$9,916","$10,131","$11,033","$11,085","$11,376","$11,729","$12,086",3%,19%,"$29,141","$29,775","$32,047","$33,115","$32,862","$33,526","$33,844","$34,060","$35,002","$35,682","$36,220",2%,8%,"23,769","24,330","24,749","23,925","24,083","23,474","23,759","24,124","24,808"
University of Connecticut,CT,"$10,391","$10,392","$11,237","$11,695","$11,561","$12,012","$12,598","$13,048","$13,707","$14,308","$14,880",4%,24%,"$26,777","$26,764","$29,081","$30,181","$29,868","$31,064","$32,454","$33,782","$35,805","$36,475","$36,948",1%,19%,"15,555","16,013","16,240","16,496","16,915","16,587","17,083","17,524","17,989"
University of Delaware,DE,"$9,578","$9,622","$10,783","$11,462","$12,127","$12,482","$12,692","$12,681","$12,842","$13,051","$13,160",1%,5%,"$22,798","$23,510","$26,607","$28,528","$29,755","$30,741","$31,366","$31,534","$32,227","$32,805","$33,150",1%,8%,"14,519","14,639","15,042","15,140","15,548","15,896","16,031","16,694","16,789"
University of Florida,FL,"$3,960","$4,218","$4,971","$5,665","$6,129","$6,563","$6,563","$6,486","$6,545","$6,491","$6,381",-2%,-3%,"$20,907","$22,969","$26,989","$30,678","$30,266","$30,365","$29,907","$29,374","$29,394","$29,151","$28,658",-2%,-6%,"32,306","32,037","31,121","30,210","30,069","29,984","30,054","29,915","30,594"
University of Georgia,GA,"$6,180","$6,156","$7,016","$8,239","$10,263","$10,516","$10,754","$11,133","$11,921","$11,834","$11,818",0%,12%,"$24,357","$24,864","$29,492","$30,255","$29,993","$29,972","$29,836","$29,843","$30,599","$30,357","$30,392",0%,1%,"23,299","23,758","24,552","24,305","24,618","24,416","24,654","25,292","25,734"
University of Hawaii at Manoa,HI,"$6,334","$6,965","$8,148","$9,090","$9,860","$10,048","$10,378","$10,911","$11,451","$11,934","$11,732",-2%,17%,"$17,221","$18,824","$21,970","$24,181","$25,930","$27,408","$28,788","$30,219","$32,326","$34,345","$33,764",-2%,23%,"11,023","10,965","11,117","11,155","11,435","11,721","11,822","11,479","11,212"
University of Iowa,IA,"$7,395","$7,282","$7,757","$8,328","$8,413","$8,608","$8,447","$8,301","$8,312","$8,468","$8,964",6%,4%,"$22,875","$22,989","$25,513","$26,625","$27,195","$28,078","$28,221","$28,161","$28,607","$28,902","$30,608",6%,9%,"18,601","18,541","18,319","18,895","19,158","19,449","19,301","19,375","19,745"
University of Idaho,ID,"$5,182","$5,155","$5,606","$6,065","$6,345","$6,637","$6,837","$6,970","$7,200","$7,356","$7,488",2%,13%,"$17,028","$16,372","$17,176","$19,081","$19,910","$20,301","$20,539","$20,871","$21,564","$22,419","$23,812",6%,17%,"7,927","8,010","8,190","8,479","8,619","8,097","7,892","7,607","7,273"
University of Illinois at Urbana-Champaign,IL,"$13,080","$13,621","$14,240","$14,704","$14,993","$15,516","$15,457","$15,432","$16,027","$15,968","$15,868",-1%,2%,"$29,633","$28,961","$29,936","$30,583","$30,316","$30,626","$30,528","$30,459","$31,577","$31,859","$31,988",0%,4%,"29,938","29,950","30,319","30,292","30,930","30,730","31,129","31,312","31,552"
Indiana University Bloomington,IN,"$9,210","$9,160","$9,790","$10,137","$10,319","$10,720","$10,698","$10,673","$10,655","$10,567","$10,533",0%,-2%,"$26,225","$27,564","$29,750","$31,090","$32,007","$33,638","$33,900","$34,153","$34,608","$34,835","$34,845",0%,4%,"28,694","30,006","30,983","30,888","31,010","30,845","30,910","31,161","31,559"
University of Kansas,KS,"$8,398","$8,574","$9,328","$9,806","$9,992","$10,340","$10,591","$10,735","$11,080","$11,652","$12,069",4%,17%,"$20,631","$21,043","$22,944","$24,183","$24,496","$25,374","$26,064","$26,437","$27,324","$28,725","$29,776",4%,17%,"18,017","18,722","18,400","17,743","17,098","16,562","16,514","16,639","16,584"
University of Kentucky,KY,"$8,339","$8,609","$9,233","$9,667","$9,890","$10,338","$10,443","$10,751","$11,217","$11,515","$11,772",2%,14%,"$17,505","$17,676","$19,009","$19,849","$20,305","$21,224","$22,060","$23,358","$24,892","$26,606","$27,856",5%,31%,"16,712","17,267","17,549","18,216","18,383","19,109","19,802","20,513","20,513"
Louisiana State University and Agricultural and Mechanical College,LA,"$5,339","$5,660","$5,948","$6,472","$6,885","$7,482","$8,257","$8,990","$10,095","$11,000","$11,374",3%,52%,"$15,093","$15,357","$16,385","$18,581","$20,979","$23,804","$27,034","$27,193","$27,699","$27,964","$28,051",0%,18%,"21,698","21,767","21,376","21,999","22,122","22,567","22,707","23,075","23,450"
University of Massachusetts Amherst,MA,"$11,662","$11,593","$13,546","$13,381","$13,866","$14,136","$14,058","$13,812","$14,725","$15,417","$15,596",1%,10%,"$24,090","$24,387","$26,614","$26,738","$27,721","$28,469","$28,115","$28,575","$31,478","$32,946","$33,662",2%,18%,"18,523","18,864","19,201","19,694","20,109","20,177","20,384","20,551","20,962"
University of Maryland: College Park,MD,"$9,365","$8,908","$9,154","$9,450","$9,378","$9,518","$9,600","$9,686","$10,253","$10,357","$10,399",0%,9%,"$26,098","$25,680","$27,458","$27,881","$28,199","$29,155","$29,705","$30,535","$31,944","$32,596","$33,606",3%,15%,"23,685","24,296","24,520","24,749","24,590","24,364","24,400","24,908","25,272"
University of Maine,ME,"$9,789","$10,127","$10,942","$11,388","$11,472","$11,319","$11,108","$10,897","$10,883","$10,811","$10,902",1%,-4%,"$24,138","$25,050","$27,249","$28,263","$28,505","$29,333","$29,310","$29,267","$29,622","$30,005","$30,282",1%,3%,"7,820","8,042","7,956","7,707","7,493","7,477","7,874","7,986","8,001"
University of Michigan,MI,"$12,277","$12,282","$13,467","$13,291","$13,689","$13,883","$13,772","$13,856","$14,212","$14,650","$14,826",1%,7%,"$36,784","$36,801","$39,712","$40,422","$40,937","$41,800","$42,327","$43,056","$44,593","$46,191","$47,476",3%,14%,"25,108","25,102","25,261","26,096","26,460","26,954","27,228","27,297","27,161"
University of Minnesota: Twin Cities,MN,"$11,617","$11,834","$12,830","$13,702","$14,109","$14,380","$14,270","$14,000","$14,144","$14,385","$14,417",0%,0%,"$25,284","$16,285","$17,652","$18,530","$19,527","$19,990","$20,820","$21,449","$22,781","$24,215","$26,603",10%,33%,"26,263","26,146","27,636","28,211","28,227","28,063","27,866","27,943","28,206"
University of Missouri: Columbia,MO,"$9,518","$9,442","$9,663","$9,545","$9,740","$9,891","$10,588","$10,581","$10,857","$10,900","$11,008",1%,11%,"$22,040","$21,765","$22,372","$23,036","$23,603","$23,976","$23,978","$25,045","$25,844","$26,445","$26,595",1%,11%,"20,252","21,560","22,325","23,369","24,298","25,046","25,168","25,753","25,909"
University of Mississippi,MS,"$5,796","$5,683","$5,804","$6,107","$6,276","$6,712","$7,084","$7,291","$7,635","$7,887","$8,300",5%,24%,"$13,439","$13,875","$14,829","$15,600","$16,033","$17,379","$18,577","$19,669","$21,205","$22,401","$23,564",5%,36%,"11,484","11,444","11,972","12,971","14,071","14,691","15,411","16,418","17,120"
University of Montana,MT,"$6,042","$5,731","$6,059","$6,149","$6,200","$6,395","$6,335","$6,266","$6,316","$6,322","$7,063",12%,10%,"$18,220","$18,278","$20,226","$21,527","$21,777","$22,520","$22,759","$22,986","$23,640","$24,076","$24,943",4%,11%,"9,857","10,061","10,445","10,965","10,637","9,855","9,446","9,166","8,600"
University of North Carolina at Chapel Hill,NC,"$6,275","$6,006","$6,394","$7,490","$7,593","$8,220","$8,740","$8,565","$8,812","$8,713","$9,005",3%,10%,"$24,664","$24,811","$26,836","$28,391","$29,075","$30,392","$31,565","$34,345","$34,538","$34,499","$34,588",0%,14%,"16,721","17,043","17,267","17,457","17,386","17,506","17,519","17,526","17,606"
University of North Dakota,ND,"$7,204","$7,248","$7,645","$7,786","$7,684","$7,751","$7,868","$7,953","$8,170","$8,277","$8,447",2%,9%,"$17,067","$17,054","$18,030","$18,384","$18,167","$18,345","$18,645","$18,914","$19,385","$19,623","$20,324",4%,11%,"8,798","8,741","8,739","9,232","9,334","9,655","9,385","9,039","9,061"
University of Nebraska - Lincoln,NE,"$7,305","$7,328","$7,794","$8,111","$8,194","$8,438","$8,462","$8,291","$8,492","$8,685","$8,901",2%,5%,"$19,080","$19,147","$20,376","$21,248","$21,505","$22,060","$22,428","$22,699","$23,023","$23,455","$24,201",3%,10%,"16,757","17,283","17,737","18,129","18,039","17,766","18,102","18,660","18,817"
University of New Hampshire,NH,"$13,009","$13,083","$14,485","$15,351","$16,523","$17,546","$17,286","$17,006","$17,422","$17,927","$18,067",1%,3%,"$28,239","$28,084","$30,681","$31,037","$30,956","$30,859","$30,616","$30,342","$31,033","$31,964","$32,637",2%,6%,"11,364","11,588","11,958","11,895","12,061","12,282","11,993","12,304","12,585"
"Rutgers, The State University of New Jersey: New Brunswick/Piscataway Campus",NJ,"$12,558","$12,842","$13,511","$14,127","$13,819","$13,968","$14,146","$14,192","$14,494","$14,619","$14,638",0%,5%,"$23,332","$23,913","$25,955","$26,997","$27,538","$28,200","$28,841","$29,375","$30,280","$30,539","$30,579",0%,8%,"24,810","26,382","27,537","28,829","29,662","29,928","31,630","32,272","33,294"
University of New Mexico,NM,"$5,372","$5,379","$5,798","$6,182","$6,294","$6,463","$6,756","$6,624","$6,835","$7,070","$7,146",1%,11%,"$17,559","$17,481","$19,590","$20,987","$21,669","$22,104","$21,679","$21,219","$21,851","$22,313","$22,037",-1%,0%,"14,088","14,855","15,845","15,973","16,060","16,130","16,979","16,121","15,851"
University of Nevada: Reno,NV,"$4,735","$5,076","$5,571","$6,244","$6,692","$7,055","$6,919","$6,821","$7,059","$7,266","$7,538",4%,7%,"$17,438","$17,423","$20,117","$21,166","$21,422","$21,917","$21,496","$21,113","$21,326","$21,415","$21,726",1%,-1%,"10,331","10,528","10,637","11,429","11,980","12,399","12,919","13,856","14,844"
State University of New York at Buffalo,NY,"$7,307","$6,994","$7,972","$8,012","$8,107","$8,536","$8,830","$9,114","$9,704","$9,739","$9,828",1%,15%,"$14,664","$13,961","$17,091","$17,455","$18,346","$19,883","$21,342","$22,903","$25,172","$27,275","$27,338",0%,37%,"17,417","17,686","17,917","17,913","17,507","17,604","17,793","17,990","18,336"
Ohio State University: Columbus Campus,OH,"$10,196","$9,658","$9,919","$10,577","$10,548","$10,724","$10,518","$10,312","$10,295","$10,210","$10,591",4%,-1%,"$25,757","$24,814","$25,466","$26,503","$26,687","$27,187","$26,991","$27,265","$28,068","$29,732","$29,695",0%,9%,"35,462","36,333","37,629","38,300","39,053","38,708","39,877","40,452","40,898"
University of Oklahoma,OK,"$7,647","$8,261","$8,506","$8,830","$9,020","$9,302","$9,342","$9,755","$10,349","$11,068","$11,538",4%,24%,"$18,357","$19,368","$20,124","$20,542","$20,888","$21,735","$22,115","$22,880","$24,079","$25,636","$26,919",5%,24%,"17,695","17,747","17,990","18,063","18,503","18,780","18,164","18,469","18,670"
University of Oregon,OR,"$7,248","$7,161","$8,443","$9,196","$9,523","$9,947","$10,231","$10,190","$10,553","$10,947","$11,571",6%,16%,"$22,718","$22,248","$26,974","$29,002","$29,962","$30,622","$31,215","$31,735","$32,847","$34,017","$34,611",2%,13%,"15,056","16,107","16,942","17,798","18,710","18,820","18,872","18,654","18,604"
Penn State University Park,PA,"$16,028","$15,253","$16,386","$17,123","$17,319","$17,570","$17,806","$17,982","$17,964","$18,208","$18,436",1%,5%,"$27,866","$27,754","$29,522","$30,444","$30,409","$30,714","$30,982","$31,287","$32,151","$32,939","$33,664",2%,10%,"34,998","36,329","37,077","36,954","37,360","37,619","38,543","39,077","39,294"
University of Rhode Island,RI,"$9,618","$9,657","$10,830","$11,763","$12,315","$13,302","$13,046","$12,849","$13,192","$13,106","$13,792",5%,4%,"$27,073","$27,572","$29,779","$30,520","$29,746","$29,934","$29,358","$28,842","$29,593","$29,371","$30,042",2%,0%,"10,794","11,123","11,686","11,469","11,586","11,863","11,728","12,025","12,213"
University of South Carolina,SC,"$9,808","$9,835","$10,407","$10,988","$11,017","$11,206","$11,334","$11,464","$11,777","$12,058","$12,262",2%,9%,"$25,421","$25,493","$26,976","$28,477","$28,552","$29,536","$29,895","$30,248","$31,076","$31,820","$32,362",2%,10%,"17,150","18,188","18,880","19,723","20,589","21,527","22,408","22,942","23,626"
University of South Dakota,SD,"$6,338","$6,486","$7,352","$7,592","$7,811","$8,231","$8,406","$8,242","$8,674","$8,602","$8,772",2%,7%,"$7,793","$7,955","$8,971","$9,273","$9,669","$10,311","$10,588","$10,381","$11,628","$11,889","$12,020",1%,17%,"4,435","4,381","4,350","4,399","4,484","4,597","4,700","4,853","4,853"
University of Tennessee: Knoxville,TN,"$6,971","$6,955","$7,792","$8,289","$9,097","$9,714","$11,730","$12,202","$12,756","$12,943","$12,970",0%,34%,"$21,005","$21,042","$23,468","$25,174","$27,345","$29,149","$30,792","$30,891","$31,413","$31,446","$31,160",-1%,7%,"19,781","20,252","19,686","20,122","19,838","19,480","19,685","20,178","20,467"
University of Texas at Austin,TX,"$9,014","$9,495","$10,151","$10,572","$10,610","$10,460","$10,259","$10,067","$10,083","$10,284","$10,414",1%,0%,"$28,843","$30,893","$34,107","$35,106","$35,083","$35,323","$35,444","$35,675","$35,731","$36,524","$36,984",1%,5%,"34,408","34,372","35,107","35,267","35,320","36,724","36,597","36,072","36,357"
University of Utah,UT,"$5,861","$5,881","$6,531","$7,045","$7,328","$7,628","$7,814","$8,153","$8,408","$8,665","$8,824",2%,16%,"$18,405","$18,474","$20,680","$22,278","$23,175","$24,192","$24,873","$25,960","$26,691","$27,504","$28,067",2%,16%,"14,398","14,359","14,953","16,139","16,846","17,297","17,035","16,912","16,787"
University of Virginia,VA,"$9,989","$10,578","$10,994","$11,933","$12,543","$12,828","$13,055","$13,355","$14,840","$15,984","$16,076",1%,25%,"$32,335","$33,161","$35,608","$36,943","$38,895","$39,892","$41,753","$43,341","$44,189","$45,833","$46,604",2%,17%,"13,493","13,617","13,848","13,835","14,051","14,137","14,414","14,922","15,198"
University of Vermont,VT,"$14,165","$14,293","$15,407","$15,794","$16,018","$16,330","$16,471","$16,640","$17,168","$17,598","$17,740",1%,9%,"$32,832","$33,031","$35,753","$36,637","$37,298","$38,050","$38,401","$38,882","$40,135","$41,058","$41,356",1%,9%,"9,136","9,513","10,034","10,125","10,086","9,803","9,621","9,601","9,718"
University of Washington,WA,"$7,503","$7,686","$9,053","$10,075","$11,730","$13,231","$12,991","$12,734","$12,143","$10,938","$10,974",0%,-17%,"$26,008","$25,956","$28,007","$28,745","$30,674","$33,139","$33,503","$34,432","$35,020","$35,389","$35,538",0%,7%,"24,144","24,968","28,052","26,509","25,798","25,995","27,013","27,733","28,327"
University of Wisconsin-Madison,WI,"$8,447","$8,422","$9,446","$10,086","$10,479","$11,095","$10,901","$10,696","$10,683","$10,668","$10,533",-1%,-5%,"$25,193","$24,280","$26,252","$27,209","$27,544","$28,457","$27,930","$27,391","$30,427","$33,301","$34,783",4%,22%,"27,680","27,802","27,558","27,746","27,475","27,883","28,183","27,867","28,158"
West Virginia University,WV,"$5,549","$5,676","$6,029","$6,070","$6,148","$6,507","$6,765","$7,151","$7,828","$8,129","$8,376",3%,29%,"$17,157","$17,550","$18,644","$19,090","$19,334","$20,160","$20,572","$20,984","$21,983","$22,875","$23,616",3%,17%,"19,748","20,533","20,260","20,809","21,139","21,118","21,027","20,863","20,532"
University of Wyoming,WY,"$4,177","$4,030","$4,235","$4,409","$4,469","$4,571","$4,615","$4,773","$5,017","$5,142","$5,217",1%,14%,"$12,215","$12,276","$13,296","$13,740","$13,928","$14,347","$14,801","$15,284","$16,033","$16,494","$16,827",2%,17%,"7,763","7,911","8,124","8,352","8,346","8,309","8,254","8,272","8,392"
,,In-State Tuition and Fees,,,,,,,,,,,Percentage Change,,Out-of-State Tuition and Fees,,,,,,,,,,,Percentage Change,,,,,,,,,,
In Current Dollars,STATE,2007-08,2008-09,2009-10,2010-11,2011-12,2012-13,2013-14,2014-15,2015-16,2016-17,2017-18,1-Year,5-Year,2007-08,2008-09,2009-10,2010-11,2011-12,2012-13,2013-14,2014-15,2015-16,2016-17,2017-18,1-Year,5-Year,,,,,,,,,
University of Alaska Fairbanks,AK,"$4,496","$4,828","$5,133","$5,316","$5,570","$5,898","$5,988","$6,182","$6,804","$7,184","$7,518",5%,27%,"$13,466","$14,248","$15,036","$15,906","$17,210","$18,348","$18,948","$19,502","$20,784","$21,854","$22,908",5%,25%,,,,,,,,,
University of Alabama,AL,"$5,700","$6,400","$7,000","$7,900","$8,600","$9,200","$9,450","$9,826","$10,170","$10,470","$10,780",3%,17%,"$16,518","$18,000","$19,200","$20,500","$21,900","$22,950","$23,950","$24,950","$25,950","$26,950","$28,100",4%,22%,,,,,,,,,
University of Arkansas,AR,"$6,038","$6,400","$6,459","$6,768","$7,174","$7,553","$7,818","$8,210","$8,522","$8,820","$9,062",3%,20%,"$14,492","$15,278","$15,445","$16,000","$17,606","$18,434","$19,075","$20,302","$21,826","$23,168","$24,308",5%,32%,,,,,,,,,
University of Arizona,AZ,"$5,037","$5,531","$6,855","$8,237","$9,299","$10,035","$10,391","$10,957","$11,403","$11,769","$11,877",1%,18%,"$16,271","$18,665","$22,572","$24,597","$25,509","$26,231","$27,073","$29,421","$32,600","$36,017","$35,307",-2%,35%,,,,,,,,,
University of California: Berkeley,CA,"$7,164","$7,656","$9,749","$10,940","$12,835","$12,874","$12,864","$12,972","$13,431","$13,485","$13,928",3%,8%,"$26,784","$28,264","$32,418","$33,819","$35,713","$35,752","$35,742","$35,850","$38,139","$40,167","$41,942",4%,17%,,,,,,,,,
University of Colorado at Boulder,CO,"$6,635","$7,278","$7,932","$8,511","$9,152","$9,482","$10,529","$10,789","$11,091","$11,531","$12,086",5%,27%,"$24,797","$26,756","$28,193","$29,493","$30,330","$31,378","$32,297","$33,151","$34,125","$35,079","$36,220",3%,15%,,,,,,,,,
University of Connecticut,CT,"$8,842","$9,338","$9,886","$10,416","$10,670","$11,242","$12,022","$12,700","$13,364","$14,066","$14,880",6%,32%,"$22,786","$24,050","$25,584","$26,880","$27,566","$29,074","$30,970","$32,880","$34,908","$35,858","$36,948",3%,27%,,,,,,,,,
University of Delaware,DE,"$8,150","$8,646","$9,486","$10,208","$11,192","$11,682","$12,112","$12,342","$12,520","$12,830","$13,160",3%,13%,"$19,400","$21,126","$23,408","$25,408","$27,462","$28,772","$29,932","$30,692","$31,420","$32,250","$33,150",3%,15%,,,,,,,,,
University of Florida,FL,"$3,370","$3,790","$4,373","$5,045","$5,657","$6,143","$6,263","$6,313","$6,381","$6,381","$6,381",0%,4%,"$17,791","$20,640","$23,744","$27,322","$27,934","$28,420","$28,540","$28,590","$28,658","$28,658","$28,658",0%,1%,,,,,,,,,
University of Georgia,GA,"$5,259","$5,532","$6,172","$7,338","$9,472","$9,842","$10,262","$10,836","$11,622","$11,634","$11,818",2%,20%,"$20,726","$22,343","$25,946","$26,946","$27,682","$28,052","$28,472","$29,046","$29,832","$29,844","$30,392",2%,8%,,,,,,,,,
University of Hawaii at Manoa,HI,"$5,390","$6,259","$7,168","$8,096","$9,100","$9,404","$9,904","$10,620","$11,164","$11,732","$11,732",0%,25%,"$14,654","$16,915","$19,328","$21,536","$23,932","$25,652","$27,472","$29,412","$31,516","$33,764","$33,764",0%,32%,,,,,,,,,
University of Iowa,IA,"$6,293","$6,544","$6,824","$7,417","$7,765","$8,057","$8,061","$8,079","$8,104","$8,325","$8,964",8%,11%,"$19,465","$20,658","$22,445","$23,713","$25,099","$26,279","$26,931","$27,409","$27,890","$28,413","$30,608",8%,16%,,,,,,,,,
University of Idaho,ID,"$4,410","$4,632","$4,932","$5,402","$5,856","$6,212","$6,524","$6,784","$7,020","$7,232","$7,488",4%,21%,"$14,490","$14,712","$15,111","$16,994","$18,376","$19,000","$19,600","$20,314","$21,024","$22,040","$23,812",8%,25%,,,,,,,,,
University of Illinois at Urbana-Champaign,IL,"$11,130","$12,240","$12,528","$13,096","$13,838","$14,522","$14,750","$15,020","$15,626","$15,698","$15,868",1%,9%,"$25,216","$26,024","$26,336","$27,238","$27,980","$28,664","$29,132","$29,646","$30,786","$31,320","$31,988",2%,12%,,,,,,,,,
Indiana University Bloomington,IN,"$7,837","$8,231","$8,613","$9,028","$9,524","$10,033","$10,209","$10,388","$10,388","$10,388","$10,533",1%,5%,"$22,316","$24,769","$26,173","$27,689","$29,540","$31,483","$32,350","$33,241","$33,741","$34,246","$34,845",2%,11%,,,,,,,,,
University of Kansas,KS,"$7,146","$7,705","$8,206","$8,733","$9,222","$9,678","$10,107","$10,448","$10,802","$11,455","$12,069",5%,25%,"$17,556","$18,909","$20,185","$21,538","$22,608","$23,748","$24,873","$25,731","$26,640","$28,239","$29,776",5%,25%,,,,,,,,,
University of Kentucky,KY,"$7,096","$7,736","$8,123","$8,610","$9,128","$9,676","$9,966","$10,464","$10,936","$11,320","$11,772",4%,22%,"$14,896","$15,884","$16,723","$17,678","$18,740","$19,864","$21,052","$22,734","$24,268","$26,156","$27,856",6%,40%,,,,,,,,,
Louisiana State University and Agricultural and Mechanical College,LA,"$4,543","$5,086","$5,233","$5,764","$6,354","$7,003","$7,880","$8,750","$9,842","$10,814","$11,374",5%,62%,"$12,843","$13,800","$14,415","$16,549","$19,362","$22,279","$25,798","$26,467","$27,005","$27,491","$28,051",2%,26%,,,,,,,,,
University of Massachusetts Amherst,MA,"$9,924","$10,417","$11,917","$11,917","$12,797","$13,230","$13,415","$13,443","$14,356","$15,156","$15,596",3%,18%,"$20,499","$21,914","$23,414","$23,813","$25,585","$26,645","$26,830","$27,812","$30,689","$32,389","$33,662",4%,26%,,,,,,,,,
University of Maryland: College Park,MD,"$7,969","$8,005","$8,053","$8,416","$8,655","$8,908","$9,161","$9,427","$9,996","$10,182","$10,399",2%,17%,"$22,208","$23,076","$24,156","$24,831","$26,026","$27,287","$28,347","$29,720","$31,144","$32,045","$33,606",5%,23%,,,,,,,,,
University of Maine,ME,"$8,330","$9,100","$9,626","$10,142","$10,588","$10,594","$10,600","$10,606","$10,610","$10,628","$10,902",3%,3%,"$20,540","$22,510","$23,972","$25,172","$26,308","$27,454","$27,970","$28,486","$28,880","$29,498","$30,282",3%,10%,,,,,,,,,
University of Michigan,MI,"$10,447","$11,037","$11,848","$11,837","$12,634","$12,994","$13,142","$13,486","$13,856","$14,402","$14,826",3%,14%,"$31,301","$33,069","$34,937","$36,001","$37,782","$39,122","$40,392","$41,906","$43,476","$45,410","$47,476",5%,21%,,,,,,,,,
University of Minnesota: Twin Cities,MN,"$9,885","$10,634","$11,287","$12,203","$13,022","$13,459","$13,618","$13,626","$13,790","$14,142","$14,417",2%,7%,"$21,515","$14,634","$15,529","$16,503","$18,022","$18,709","$19,868","$20,876","$22,210","$23,806","$26,603",12%,42%,,,,,,,,,
University of Missouri: Columbia,MO,"$8,099","$8,485","$8,501","$8,501","$8,989","$9,257","$10,104","$10,298","$10,585","$10,716","$11,008",3%,19%,"$18,755","$19,558","$19,682","$20,516","$21,784","$22,440","$22,882","$24,376","$25,197","$25,998","$26,595",2%,19%,,,,,,,,,
University of Mississippi,MS,"$4,932","$5,107","$5,106","$5,439","$5,792","$6,282","$6,760","$7,096","$7,444","$7,754","$8,300",7%,32%,"$11,436","$12,468","$13,046","$13,894","$14,797","$16,266","$17,728","$19,144","$20,674","$22,022","$23,564",7%,45%,,,,,,,,,
University of Montana,MT,"$5,141","$5,150","$5,330","$5,476","$5,722","$5,985","$6,045","$6,099","$6,158","$6,215","$7,063",14%,18%,"$15,504","$16,425","$17,794","$19,172","$20,099","$21,077","$21,719","$22,372","$23,048","$23,669","$24,943",5%,18%,,,,,,,,,
University of North Carolina at Chapel Hill,NC,"$5,340","$5,397","$5,625","$6,671","$7,008","$7,693","$8,340","$8,336","$8,591","$8,566","$9,005",5%,17%,"$20,988","$22,295","$23,609","$25,286","$26,834","$28,445","$30,122","$33,428","$33,673","$33,916","$34,588",2%,22%,,,,,,,,,
University of North Dakota,ND,"$6,130","$6,513","$6,726","$6,934","$7,092","$7,254","$7,508","$7,741","$7,965","$8,137","$8,447",4%,16%,"$14,523","$15,325","$15,862","$16,373","$16,767","$17,170","$17,793","$18,409","$18,899","$19,291","$20,324",5%,18%,,,,,,,,,
University of Nebraska - Lincoln,NE,"$6,216","$6,585","$6,857","$7,224","$7,563","$7,897","$8,075","$8,070","$8,279","$8,538","$8,901",4%,13%,"$16,236","$17,205","$17,926","$18,924","$19,848","$20,647","$21,403","$22,093","$22,446","$23,058","$24,201",5%,17%,,,,,,,,,
University of New Hampshire,NH,"$11,070","$11,756","$12,743","$13,672","$15,250","$16,422","$16,496","$16,552","$16,986","$17,624","$18,067",3%,10%,"$24,030","$25,236","$26,992","$27,642","$28,570","$28,882","$29,216","$29,532","$30,256","$31,424","$32,637",4%,13%,,,,,,,,,
"Rutgers, The State University of New Jersey: New Brunswick/Piscataway Campus",NJ,"$10,686","$11,540","$11,886","$12,582","$12,754","$13,073","$13,499","$13,813","$14,131","$14,372","$14,638",2%,12%,"$19,854","$21,488","$22,834","$24,044","$25,416","$26,393","$27,523","$28,591","$29,521","$30,023","$30,579",2%,16%,,,,,,,,,
University of New Mexico,NM,"$4,571","$4,834","$5,101","$5,506","$5,809","$6,049","$6,447","$6,447","$6,664","$6,950","$7,146",3%,18%,"$14,942","$15,708","$17,234","$18,691","$19,999","$20,688","$20,688","$20,652","$21,304","$21,936","$22,037",0%,7%,,,,,,,,,
University of Nevada: Reno,NV,"$4,029","$4,561","$4,901","$5,561","$6,176","$6,603","$6,603","$6,639","$6,882","$7,143","$7,538",6%,14%,"$14,839","$15,656","$17,698","$18,851","$19,771","$20,513","$20,513","$20,549","$20,792","$21,053","$21,726",3%,6%,,,,,,,,,
State University of New York at Buffalo,NY,"$6,218","$6,285","$7,013","$7,136","$7,482","$7,989","$8,426","$8,871","$9,461","$9,574","$9,828",3%,23%,"$12,478","$12,545","$15,036","$15,546","$16,932","$18,609","$20,366","$22,291","$24,541","$26,814","$27,338",2%,47%,,,,,,,,,
Ohio State University: Columbus Campus,OH,"$8,676","$8,679","$8,726","$9,420","$9,735","$10,037","$10,037","$10,037","$10,037","$10,037","$10,591",6%,6%,"$21,918","$22,298","$22,404","$23,604","$24,630","$25,445","$25,757","$26,537","$27,365","$29,229","$29,695",2%,17%,,,,,,,,,
University of Oklahoma,OK,"$6,507","$7,423","$7,483","$7,864","$8,325","$8,706","$8,915","$9,495","$10,090","$10,881","$11,538",6%,33%,"$15,621","$17,404","$17,704","$18,295","$19,278","$20,343","$21,104","$22,269","$23,476","$25,203","$26,919",7%,32%,,,,,,,,,
University of Oregon,OR,"$6,168","$6,435","$7,428","$8,190","$8,789","$9,310","$9,763","$9,918","$10,289","$10,762","$11,571",8%,24%,"$19,332","$19,992","$23,730","$25,830","$27,653","$28,660","$29,788","$30,888","$32,024","$33,442","$34,611",3%,21%,,,,,,,,,
Penn State University Park,PA,"$13,639","$13,706","$14,416","$15,250","$15,984","$16,444","$16,992","$17,502","$17,514","$17,900","$18,436",3%,12%,"$23,712","$24,940","$25,972","$27,114","$28,066","$28,746","$29,566","$30,452","$31,346","$32,382","$33,664",4%,17%,,,,,,,,,
University of Rhode Island,RI,"$8,184","$8,678","$9,528","$10,476","$11,366","$12,450","$12,450","$12,506","$12,862","$12,884","$13,792",7%,11%,"$23,038","$24,776","$26,198","$27,182","$27,454","$28,016","$28,016","$28,072","$28,852","$28,874","$30,042",4%,7%,,,,,,,,,
University of South Carolina,SC,"$8,346","$8,838","$9,156","$9,786","$10,168","$10,488","$10,816","$11,158","$11,482","$11,854","$12,262",3%,17%,"$21,632","$22,908","$23,732","$25,362","$26,352","$27,644","$28,528","$29,440","$30,298","$31,282","$32,362",3%,17%,,,,,,,,,
University of South Dakota,SD,"$5,393","$5,828","$6,468","$6,762","$7,209","$7,704","$8,022","$8,022","$8,457","$8,457","$8,772",4%,14%,"$6,631","$7,148","$7,892","$8,259","$8,924","$9,650","$10,104","$10,104","$11,337","$11,688","$12,020",3%,25%,,,,,,,,,
University of Tennessee: Knoxville,TN,"$5,932","$6,250","$6,855","$7,382","$8,396","$9,092","$11,194","$11,876","$12,436","$12,724","$12,970",2%,43%,"$17,874","$18,908","$20,646","$22,420","$25,238","$27,282","$29,384","$30,066","$30,626","$30,914","$31,160",1%,14%,,,,,,,,,
University of Texas at Austin,TX,"$7,670","$8,532","$8,930","$9,416","$9,792","$9,790","$9,790","$9,798","$9,830","$10,110","$10,414",3%,6%,"$24,544","$27,760","$30,006","$31,266","$32,379","$33,060","$33,824","$34,722","$34,836","$35,906","$36,984",3%,12%,,,,,,,,,
University of Utah,UT,"$4,987","$5,285","$5,746","$6,274","$6,763","$7,139","$7,457","$7,935","$8,197","$8,518","$8,824",4%,24%,"$15,662","$16,601","$18,193","$19,841","$21,389","$22,642","$23,736","$25,267","$26,022","$27,039","$28,067",4%,24%,,,,,,,,,
University of Virginia,VA,"$8,500","$9,505","$9,672","$10,628","$11,576","$12,006","$12,458","$12,998","$14,468","$15,714","$16,076",2%,34%,"$27,515","$29,798","$31,326","$32,902","$35,898","$37,336","$39,844","$42,184","$43,082","$45,058","$46,604",3%,25%,,,,,,,,,
University of Vermont,VT,"$12,054","$12,844","$13,554","$14,066","$14,784","$15,284","$15,718","$16,196","$16,738","$17,300","$17,740",3%,16%,"$27,938","$29,682","$31,454","$32,630","$34,424","$35,612","$36,646","$37,844","$39,130","$40,364","$41,356",2%,16%,,,,,,,,,
University of Washington,WA,"$6,385","$6,907","$7,964","$8,973","$10,826","$12,383","$12,397","$12,394","$11,839","$10,753","$10,974",2%,-11%,"$22,131","$23,324","$24,639","$25,601","$28,310","$31,016","$31,971","$33,513","$34,143","$34,791","$35,538",2%,15%,,,,,,,,,
University of Wisconsin-Madison,WI,"$7,188","$7,568","$8,310","$8,983","$9,671","$10,384","$10,403","$10,410","$10,415","$10,488","$10,533",0%,1%,"$21,438","$21,818","$23,095","$24,233","$25,421","$26,634","$26,653","$26,660","$29,665","$32,738","$34,783",6%,31%,,,,,,,,,
West Virginia University,WV,"$4,722","$5,100","$5,304","$5,406","$5,674","$6,090","$6,456","$6,960","$7,632","$7,992","$8,376",5%,38%,"$14,600","$15,770","$16,402","$17,002","$17,844","$18,868","$19,632","$20,424","$21,432","$22,488","$23,616",5%,25%,,,,,,,,,
University of Wyoming,WY,"$3,554","$3,621","$3,726","$3,927","$4,125","$4,278","$4,404","$4,646","$4,891","$5,055","$5,217",3%,22%,"$10,394","$11,031","$11,697","$12,237","$12,855","$13,428","$14,124","$14,876","$15,631","$16,215","$16,827",4%,25%,,,,,,,,,
"SOURCE: The College Board, Annual Survey of Colleges.",,,,,,,,,,,,,,,,,,,,,,,,,,,,,,,,,,,,
This table was prepared in October 2017.,,,,,,,,,,,,,,,,,,,,,,,,,,,,,,,,,,,,
